<?xml version="1.0" encoding="UTF-8"?>

<beans xmlns="http://www.springframework.org/schema/beans"
	xmlns:xsi="http://www.w3.org/2001/XMLSchema-instance" xmlns:aop="http://www.springframework.org/schema/aop"
	xmlns:txn="http://www.springframework.org/schema/tx" xmlns:ctx="http://www.springframework.org/schema/context"
	xmlns:util="http://www.springframework.org/schema/util" xmlns:task="http://www.springframework.org/schema/task"
	xsi:schemaLocation="
     http://www.springframework.org/schema/beans 
     http://www.springframework.org/schema/beans/spring-beans-3.0.xsd
     http://www.springframework.org/schema/tx 
     http://www.springframework.org/schema/tx/spring-tx-3.0.xsd
     http://www.springframework.org/schema/context 
     http://www.springframework.org/schema/context/spring-context-3.0.xsd
     http://www.springframework.org/schema/aop 
     http://www.springframework.org/schema/aop/spring-aop-3.0.xsd
     http://www.springframework.org/schema/util 
     http://www.springframework.org/schema/util/spring-util-3.0.xsd
     http://www.springframework.org/schema/task
	http://www.springframework.org/schema/task/spring-task-3.0.xsd">


	<!-- Annotations -->
	<ctx:component-scan base-package="exporter" />
	<ctx:component-scan base-package="service" />
	<ctx:component-scan base-package="controller" />
	<ctx:component-scan base-package="domain" />
	<ctx:component-scan base-package="dao" />
	<ctx:component-scan base-package="com.ge.nbcuni.cir" />
	<ctx:component-scan base-package="com.ge.nbcuni.quartz" />
	<ctx:annotation-config />
	<ctx:property-placeholder />

	<util:properties id="engineProperties"
		location="classpath:report.engine.properties" />

	<!-- Properties for JDBC Connection Parameters -->
	<util:properties id="jdbcProperties" location="classpath:jdbc.properties" />

	<!-- Load in application properties reference -->
	<bean id="applicationProperties" class="util.PropertyLoader">
		<property name="location" value="classpath:application-context.properties" />
	</bean>


	<bean
		class="org.springframework.web.servlet.mvc.annotation.AnnotationMethodHandlerAdapter" />
	<bean
		class="org.springframework.web.servlet.mvc.annotation.DefaultAnnotationHandlerMapping" />
	<bean
		class="org.springframework.orm.jpa.support.PersistenceAnnotationBeanPostProcessor" />

	<bean id="oracleDataSource" class="oracle.jdbc.pool.OracleDataSource">
        <property name="URL" value="#{jdbcProperties['jdbc.url']}" />
        <property name="user" value="#{jdbcProperties['jdbc.user']}" />
        <property name="password" value="#{jdbcProperties['jdbc.password']}" />
    </bean>

	<bean id="mailSender" class="org.springframework.mail.javamail.JavaMailSenderImpl">
		<property name="host" value="#{jdbcProperties['mail.host.name']}" />
		<property name="port" value="#{jdbcProperties['mail.host.port']}" />
		<property name="username" value="#{jdbcProperties['mail.username']}" />
		<property name="password" value="#{jdbcProperties['mail.password']}" />

		<property name="javaMailProperties">
			<props>
				<prop key="mail.smtp.auth">true</prop>
				<prop key="mail.smtp.starttls.enable">true</prop>
			</props>
		</property>
	</bean>

	<!-- Persistence -->
	<bean
		class="org.springframework.dao.annotation.PersistenceExceptionTranslationPostProcessor" />
	<bean id="CIRDataSource" class="com.mchange.v2.c3p0.ComboPooledDataSource"
		destroy-method="close">
		<property name="driverClass" value="oracle.jdbc.driver.OracleDriver" />

		<!-- D124 UAT2 -->
		<property name="jdbcUrl" value="#{jdbcProperties['jdbc.url']}" />
		<property name="user" value="#{jdbcProperties['jdbc.user']}" />
		<property name="password" value="#{jdbcProperties['jdbc.password']}" />

		<!-- U124 UAT2 <property name="jdbcUrl" value="jdbc:oracle:thin:@usnycdbsq026.nbcuni.ge.com:15310:U124" 
			/> <property name="user" value="onair" /> <property name="password" value="nbcci" 
			/> -->

		<!-- U123 UAT1 <property name="jdbcUrl" value="jdbc:oracle:thin:@USNYCDBSQ026.nbcuni.ge.com:15194:U123"/> 
			<property name="user" value="onair" /> <property name="password" value="nbcci" 
			/> -->

		<!-- T123 - Training <property name="jdbcUrl" value="jdbc:oracle:thin:@USNYCDBSQ026.nbcuni.ge.com:15230:T123"/> 
			<property name="user" value="onair" /> <property name="password" value="nbcci" 
			/> -->


		<!-- P123 - Production <property name="jdbcUrl" value="jdbc:oracle:thin:@USNYCDBSP031.nbcuni.ge.com:15191:P123"/> 
			<property name="user" value="onair" /> <property name="password" value="F39_714_BR" 
			/> -->


		<property name="minPoolSize" value="10" />
		<property name="maxPoolSize" value="200" />
		<property name="acquireIncrement" value="2" />
		<property name="acquireRetryAttempts" value="10" />
		<property name="acquireRetryDelay" value="1000" />
		<property name="maxIdleTime" value="3600" />
		<!-- <property name="automaticTestTable" value="C3p0connectionPoolTable" 
			/> -->
		<property name="maxIdleTimeExcessConnections" value="30" />
		


	</bean>

	<bean id="EntityManagerFactory"
		class="org.springframework.orm.jpa.LocalContainerEntityManagerFactoryBean">
		<property name="persistenceUnitName" value="CIRPersistenceService" />
		<property name="dataSource" ref="CIRDataSource" />
	</bean>

	<!-- Transactions -->
	<txn:annotation-driven />
	<bean id="transactionManager" class="org.springframework.orm.jpa.JpaTransactionManager">
		<!-- <property name="dataSource" ref="CIRDataSource"/> -->
		<property name="entityManagerFactory" ref="EntityManagerFactory" />
	</bean>

	<!-- View Resolver -->
	<bean id="viewResolver"
		class="org.springframework.web.servlet.view.UrlBasedViewResolver">
		<property name="viewClass"
			value="org.springframework.web.servlet.view.JstlView" />
		<property name="prefix" value="/WEB-INF/jsp/" />
		<property name="suffix" value=".jsp" />
	</bean>

	<!-- Validation -->
	<bean id="messageSource"
		class="org.springframework.context.support.ResourceBundleMessageSource">
		<property name="basename" value="ValidationMessages" />
	</bean>

	<bean id="validator"
		class="org.springframework.validation.beanvalidation.LocalValidatorFactoryBean">
		<!-- <property name="validationMessageSource">
			<ref bean="messageSource" />
		</property> -->
	</bean>
	<!-- Velocity Configurations -->
	<bean id="velocityEngine"
		class="org.springframework.ui.velocity.VelocityEngineFactoryBean">
		<property name="velocityProperties">
			<value>
				resource.loader=class
				class.resource.loader.class=org.apache.velocity.runtime.resource.loader.ClasspathResourceLoader
			</value>
		</property>
	</bean>


	<!-- Scheduler configuration <task:scheduler id="scheduler" pool-size="10" 
		/> <task:executor id="executor" pool-size="10" /> <task:annotation-driven 
		scheduler="scheduler" executor="executor" /> -->


	<bean id="mailService" class="com.ge.nbcuni.cir.service.MailService">
		<property name="mailSender" ref="mailSender" />
	</bean>
 <!-- <bean id="jpaTemplate" class="org.springframework.orm.jpa.JpaTemplate">
        <property name="entityManagerFactory" ref="EntityManagerFactory" />
    </bean> -->
    
    <bean id="grandSummaryService" class="service.reporting.GrandSummaryService"
 autowire="byType" /> 
    
    <bean id="templateResolver"
	  class="org.thymeleaf.spring4.templateresolver.SpringResourceTemplateResolver">
		<property name="prefix" value="classpath:/templates/" />
		<property name="suffix" value=".html" />
		<property name="templateMode" value="HTML5" />
	</bean>
	
	
	
	<bean id="templateEngine"
		  class="org.thymeleaf.spring4.SpringTemplateEngine">
		<property name="templateResolver" ref="templateResolver" />
	</bean>
		
		
</beans>