<?xml version="1.0" encoding="UTF-8"?>

<beans xmlns="http://www.springframework.org/schema/beans"
	xmlns:xsi="http://www.w3.org/2001/XMLSchema-instance" xmlns:aop="http://www.springframework.org/schema/aop"
	xmlns:txn="http://www.springframework.org/schema/tx" xmlns:ctx="http://www.springframework.org/schema/context"
	xmlns:util="http://www.springframework.org/schema/util" xmlns:task="http://www.springframework.org/schema/task"
	xmlns:mvc="http://www.springframework.org/schema/mvc"
	xsi:schemaLocation="
     http://www.springframework.org/schema/beans 
     http://www.springframework.org/schema/beans/spring-beans-3.0.xsd
     http://www.springframework.org/schema/tx 
     http://www.springframework.org/schema/tx/spring-tx-3.0.xsd
     http://www.springframework.org/schema/context 
     http://www.springframework.org/schema/context/spring-context-3.0.xsd
     http://www.springframework.org/schema/aop 
     http://www.springframework.org/schema/aop/spring-aop-3.0.xsd
     http://www.springframework.org/schema/util 
     http://www.springframework.org/schema/util/spring-util-3.0.xsd
     http://www.springframework.org/schema/task
	http://www.springframework.org/schema/task/spring-task-3.0.xsd
	http://www.springframework.org/schema/mvc
        http://www.springframework.org/schema/mvc/spring-mvc-3.0.xsd">


	<!-- <bean id="reportResourceLoader" class="com.ge.nbcuni.cir.report.resource.ReportResourceLoader"> 
		<property name="reportList"> <list> <value>FINANCE_REVENUE.rpt</value> <value>PLANNING_REVENUE.rpt</value> 
		<value>SELLINGNAME_REVENUE.rpt</value> <value>PROGRAMMING_REPORT.rpt</value> 
		</list> </property> </bean> -->

	<!-- Annotations -->
	<ctx:component-scan base-package="exporter" />
	<ctx:component-scan base-package="service" />
	<ctx:component-scan base-package="controller" />  
	<ctx:component-scan base-package="domain" />
	<ctx:component-scan base-package="dao" />
	<ctx:component-scan base-package="com.ge.nbcuni.cir" />
	<ctx:component-scan base-package="controller.dashboard" />
	<ctx:component-scan base-package="com.ge.nbcuni.quartz" />
	<ctx:annotation-config />
	<mvc:annotation-driven />
	

	
	<!-- Properties for Engine -->
	<util:properties id="engineProperties"
		location="classpath:report.engine.properties" />

	<!-- Properties for JDBC Connection Parameters -->
	<util:properties id="jdbcProperties" location="classpath:jdbc.properties" />

	
	<util:properties id="selloutProperties" location="classpath:sellout.integration.properties" />
	<ctx:property-placeholder properties-ref="selloutProperties" />
	<!-- Load in application properties reference -->
	<bean id="applicationProperties" class="util.PropertyLoader">
		<property name="location" value="classpath:application-context.properties" /> 
	</bean>
	
	<util:properties id="propertyConfigurer" location="classpath:application-context.properties "/>
	<ctx:property-placeholder properties-ref="propertyConfigurer" />


	<bean
		class="org.springframework.web.servlet.mvc.annotation.AnnotationMethodHandlerAdapter" />
	<bean
		class="org.springframework.web.servlet.mvc.annotation.DefaultAnnotationHandlerMapping" />
	<bean
		class="org.springframework.orm.jpa.support.PersistenceAnnotationBeanPostProcessor" />
		
	<!-- <bean id="jsonConverter" class="org.springframework.http.converter.json.MappingJacksonHttpMessageConverter"></bean>
	<bean class="org.springframework.web.servlet.mvc.annotation.AnnotationMethodHandlerAdapter">
	        <property name="messageConverters">
	          <list>
	            <ref bean="jsonConverter"/>
	          </list>
	    </property>
	</bean> -->

	<!-- Mail Configuration -->

	<bean id="jobCancelEngine" class="com.ge.nbcuni.cir.reportEngine.JobCancelEngine"
		destroy-method="shutdown" />

	<bean id="mailSender" class="org.springframework.mail.javamail.JavaMailSenderImpl">
		<property name="host" value="#{jdbcProperties['mail.host.name']}" />
		<property name="port" value="#{jdbcProperties['mail.host.port']}" />
		<property name="username" value="#{jdbcProperties['mail.username']}" />
		<property name="password" value="#{jdbcProperties['mail.password']}" />

		<property name="javaMailProperties">
			<props>
				<prop key="mail.smtp.auth">true</prop>
				<prop key="mail.smtp.starttls.enable">true</prop>
			</props>
		</property>
	</bean>

	<!-- Persistence -->
	<bean
		class="org.springframework.dao.annotation.PersistenceExceptionTranslationPostProcessor" />


    <bean id="oracleDataSource" class="oracle.jdbc.pool.OracleDataSource">
        <property name="URL" value="#{jdbcProperties['jdbc.url']}" />
        <property name="user" value="#{jdbcProperties['jdbc.user']}" />
        <property name="password" value="#{jdbcProperties['jdbc.password']}" />
    </bean>

	<bean id="CIRDataSource" class="com.mchange.v2.c3p0.ComboPooledDataSource"
		destroy-method="close">
		<property name="driverClass" value="oracle.jdbc.driver.OracleDriver" />

		<!-- D124 UAT2 -->
		<property name="jdbcUrl" value="#{jdbcProperties['jdbc.url']}" />
		<property name="user" value="#{jdbcProperties['jdbc.user']}" />
		<property name="password" value="#{jdbcProperties['jdbc.password']}" />

		<!-- U124 UAT2 <property name="jdbcUrl" value="jdbc:oracle:thin:@usnycdbsq026.nbcuni.ge.com:15310:U124" 
			/> <property name="user" value="onair" /> <property name="password" value="nbcci" 
			/> -->

		<!-- U123 UAT1 <property name="jdbcUrl" value="jdbc:oracle:thin:@USNYCDBSQ026.nbcuni.ge.com:15194:U123"/> 
			<property name="user" value="onair" /> <property name="password" value="nbcci" 
			/> -->

		<!-- T123 - Training <property name="jdbcUrl" value="jdbc:oracle:thin:@USNYCDBSQ026.nbcuni.ge.com:15230:T123"/> 
			<property name="user" value="onair" /> <property name="password" value="nbcci" 
			/> -->


		<!-- P123 - Production <property name="jdbcUrl" value="jdbc:oracle:thin:@USNYCDBSP031.nbcuni.ge.com:15191:P123"/> 
			<property name="user" value="onair" /> <property name="password" value="F39_714_BR" 
			/> -->


		<property name="minPoolSize" value="10" />
		<property name="maxPoolSize" value="200" />
		<property name="acquireIncrement" value="2" />
		<property name="acquireRetryAttempts" value="10" />
		<property name="acquireRetryDelay" value="1000" />
		<property name="maxIdleTime" value="3600" />
		<!-- <property name="automaticTestTable" value="C3p0connectionPoolTable" 
			/> -->
		<property name="maxIdleTimeExcessConnections" value="30" />
		<!-- <property name="debugUnreturnedConnectionStackTraces" value="true" /> -->


	</bean>

	<bean id="EntityManagerFactory"
		class="org.springframework.orm.jpa.LocalContainerEntityManagerFactoryBean">
		<property name="persistenceUnitName" value="CIRPersistenceService" />
		<property name="dataSource" ref="CIRDataSource" />
	</bean>
	
	<!-- Velocity Configurations -->  
	<bean id="velocityEngine"
		class="org.springframework.ui.velocity.VelocityEngineFactoryBean">
		<property name="velocityProperties">
			<value>
				resource.loader=class
				class.resource.loader.class=org.apache.velocity.runtime.resource.loader.ClasspathResourceLoader
			</value>
		</property>
	</bean>

	<!-- Transactions -->
	<txn:annotation-driven />
	<bean id="transactionManager" class="org.springframework.orm.jpa.JpaTransactionManager">
		<!-- <property name="dataSource" ref="CIRDataSource"/> -->
		<property name="entityManagerFactory" ref="EntityManagerFactory" />
	</bean>

	<!-- View Resolver -->
	<bean id="viewResolver"
		class="org.springframework.web.servlet.view.UrlBasedViewResolver">
		<property name="viewClass"
			value="org.springframework.web.servlet.view.JstlView" />
		<property name="prefix" value="/WEB-INF/jsp/" />
		<property name="suffix" value=".jsp" />
	</bean>

	<bean id="PlanResultsExcel" class="views.ExcelPlanResultsView">
	</bean>
	<bean id="AtpPlansExcelView" class="views.AtpPlansExcelView">
	</bean>
	<bean id="beanNameViewResolver" class="org.springframework.web.servlet.view.BeanNameViewResolver">
	     <property name="order" value="1" />
    </bean> 
    <bean id="activeTaskStore" class="com.ge.nbcuni.cir.reportEngine.ActiveReportTask"
		scope="singleton" />


	<!-- Scheduler configuration <task:scheduler id="scheduler" pool-size="10" 
		/> <task:executor id="executor" pool-size="10" /> <task:annotation-driven 
		scheduler="scheduler" executor="executor" /> -->

	<!-- The mapping for the reportservices in HashMap -->

	<util:map id="reportServiceMap" map-class="java.util.HashMap"
		key-type="java.lang.String" value-type="service.AbstractService">
		<entry key="INCOMPLETE RECON REPORT" value-ref="irService" />
		<entry key="FINANCE REVENUE SUMMARY REPORT" value-ref="frService" />
		<entry key="CHANGE NOTICE REPORT" value-ref="cnService" />
		<entry key="PLACEMENT REPORT" value-ref="prService" />
		<entry key="RATE REPORT" value-ref="rrService" />
		<entry key="INVENTORY VALUATION" value-ref="ivService" />
		<entry key="PLANNING REVENUE REPORT" value-ref="prrService" />
		<entry key="SELLING NAME REVENUE REPORT" value-ref="srrService" />
		<entry key="MASTER DATA AUDIT REPORT" value-ref="mdaService" />
		<entry key="STEWARDSHIP GUIDELINE VARIANCE REPORT" value-ref="svrService" />
		<entry key="GENERAL PROGRAMMING" value-ref="gprService" />
		<entry key="UNINSTRUCTED COPY" value-ref="uirService" />
		<entry key="PROPERTY STEWARDSHIP REPORT" value-ref="psrService" />
		<entry key="COPY INSTRUCTIONS LAST USER REPORT" value-ref="clusrService" />
		<!-- QC 8584 -->
		<entry key="SELLING NAME STEWARDSHIP REPORT" value-ref="snStewService" />
		<entry key="SELLING NAME NOT ON RC" value-ref="snNotRcService" />
		<entry key="SELLING NAME CHANGE REPORT" value-ref="snChangeService" />
		<entry key="RATECARD HISTORY REPORT" value-ref="rcHistoryService" />
		<entry key="RATECARD COMPARISON REPORT" value-ref="rcCompService" />
		<entry key="RATECARD REPORT" value-ref="rcService" />
		<entry key="SOLD VS AIRED" value-ref="sVsaService" />
		<entry key="SALES HISTORY OF A UNIT REPORT" value-ref="usnService" />
		<entry key="OLD PROPOSAL REPORT" value-ref="proposalService" />
		<entry key="PROPOSAL REPORT" value-ref="intproposalService" />
		<entry key="FLOWCHART REPORT" value-ref="flowchartService" />
		<entry key="PLAN STEWARDSHIP REPORT" value-ref="planStewService" />
		<entry key="PLAN RATECARD COMPARISON" value-ref="planRCCService" />
		<entry key="PROMO SLOTTING REPORT" value-ref="promoSlottingService" />
		<entry key="UNIT AIRINGS - DR" value-ref="unitAiringDRService" />
		<entry key="UNIT AIRINGS - NATIONAL" value-ref="unitAiringNatService" />
		<entry key="PROMO SLOTTING ADVANCE REPORT" value-ref="promoSlottingAdvanceService" />
		<entry key="NEW DOLLARS BOOKED REPORT" value-ref="newDollarsBookedService" />
		<entry key="SCHEDULE CHANGE REPORT" value-ref="scheduleChangeService" />
		<entry key="REJECTED TRANSACTIONS REPORT" value-ref="rejectedTransactionsService" />
		<entry key="OPTIONS REPORT" value-ref="optionsService" />
		<entry key="PLAN DOLLAR CHANGES REPORT" value-ref="planDollarChangesService" />
		<entry key="PENDING DOLLAR CHANGES REPORT" value-ref="pendingDollarChangesService" />
		<entry key="SELLING NAME REVENUE AND RATINGS REPORT" value-ref="snrAndRatingsService" />
		<entry key="END CREDIT SQUEEZE REPORT" value-ref="endCreditSqueezeService" />
		<entry key="ADVERTISER DISTRIBUTION BY SELLING NAME REPORT"	value-ref="advDisBySNService" />
		<entry key="LOG VIEW REPORT" value-ref="logViewService" />
		<entry key="DAYPART PROJECTIONS REPORT" value-ref="dayPartProjectionService" />
		<entry key="PLAN OPTIONS REPORT" value-ref="planOptionsService" />
		<!-- QC 9098 -->
		<entry key="AD SALES SELLOUT REPORT" value-ref="adSalesSelloutService" />
		
		<!-- QC 6347 -->
		<entry key="INVENTORY ANALYSIS REPORT" value-ref="inventoryAnalysisService" />
		
		<entry key="SELLING NAME VERIFICATION REPORT" value-ref="sellingNameVerService" />
		
		<entry key="LIVE AVAILS REPORT" value-ref="lightInvAnalysisService" />
		
		<entry key="ADVERTISER CONSTRAINTS REPORT" value-ref="advConstraintService" />
		<entry key="INVOICE HISTORY REPORT" value-ref="invoiceHistoryService" />
		<entry key="ADVERTISER POD POSITION REPORT" value-ref="advprodPosService" />
		<entry key="ORDER LETTER" value-ref="orderLetterService" />
		<entry key="COMMERCIAL TIME PER CLOCK-HOUR REPORT" value-ref="commTimeService" />
		<entry key="NETWORK SALES REPORT" value-ref="networkSalesService" />
		<entry key="PROGRAM LINEUP REPORT" value-ref="programLineupService" />
		<entry key="COMMERCIAL POSITION REPORT" value-ref="commPositionService" />
		<entry key="PROGRAM INVENTORY REPORT" value-ref="programInventService" />
		<entry key="PROMO RATINGS REPORT" value-ref="programRatingService" />
		<entry key="RUN OF SCHEDULE" value-ref="runOfScheduleService" />
		<entry key="SALES ANALYSIS REPORT" value-ref="salesAnalysisService" />
		<entry key="COMMERCIAL FORMAT REPORT" value-ref="commFormatService" />
		<entry key="CHUCK REPORT" value-ref="dayPartRatecardSummaryService" />
		<entry key="AIRING POSITION REPORT" value-ref="airingPositionService" />
		<entry key="COMMERCIAL FORMAT REPORT (UNIT VALUE)" value-ref="commFormatUnitValueService" />
		<entry key="PLAN DETAIL REPORT" value-ref="planDetailService" />
		<entry key="PROGRAM HISTORY REPORT" value-ref="programHistoryService" />
		<entry key="PLAN HISTORY REPORT" value-ref="planHistoryService" />
		<entry key="REVISION HISTORY REPORT" value-ref="revHistoryService" />
		<entry key="CUTBACK REPORT" value-ref="cutBackService" />
		<entry key="TRANSACTION REPORT" value-ref="transactionService" />
		<entry key="FINANCE QUARTERLY SUMMARY REPORT" value-ref="finQuarterSumService" />
		<entry key="ADVERTISER LOG REPORT" value-ref="advLogService" />
		<entry key="PROPERTY STEWARDSHIP REPORT- CABLE" value-ref="psrcService" />
		<entry key="DEMO RATINGS COMPARE REPORT" value-ref="demoRatingService" />
		<entry key="NO CHARGE REPORT" value-ref="noChargeService" />
		<entry key="VALUE OF ADU RCPS REPORT" value-ref="valueAduService" />
		<entry key="BILLING REVENUE REPORT" value-ref="billingRevenueService" />
		<entry key="ATP PLAN REPORT" value-ref="atpPlanService" />
		<entry key="PLAN COMPARISON REPORT" value-ref="planComparisonService" />
		<!-- // Added By Bala -->
		<entry key="PROGRAM CATEGORY DETAIL REPORT" value-ref="programCategoryDetailService" />
		<!-- end  -->
	</util:map>



    <!-- 
    <bean id="cachePostProcessor" class="processor.CachePostProcessor" />
    -->

    <bean id="searchPostProcessor" class="processor.SearchPostProcessor">
    		<property name="oracleDataSource" ref="oracleDataSource" />
    		<property name="indexDollars" value="false"/>
    </bean>
    <bean id="sellingTitlesIndexer" class="controller.dashboard.LuceneSellingTitlesIndexer"/>

    <!--
	Cache Preload <bean id="cacheLoader" class="processor.CacheLoader">
    -->

	<!-- ReportEngine depends-on="reportResourceLoader" -->
	<bean id="reportEngine" class="com.ge.nbcuni.cir.reportEngine.ReportEngine"
		destroy-method="shutdown">
	</bean>

	<bean id="frService" class="service.reporting.FinanceRevenueSummaryService"
		autowire="byType" />
	<bean id="cnService" class="service.reporting.ChangeNoticeService"
		autowire="byType" />
	<bean id="prService" class="service.reporting.PlacementReportService"
		autowire="byType" />
	<bean id="rrService" class="service.reporting.RateReportService"
		autowire="byType" />
	<bean id="ivService" class="service.reporting.InventoryValuationService"
		autowire="byType" />
	<bean id="prrService" class="service.reporting.PlanningRevenueService"
		autowire="byType" />
	<bean id="srrService" class="service.reporting.SellingNameRevenueService"
		autowire="byType" />
	<bean id="mdaService" class="service.reporting.MasterDataAuditService"
		autowire="byType" />
	<bean id="irService" class="service.reporting.IncompleteReconService"
		autowire="byType" />
	<bean id="gprService" class="service.reporting.ProgrammingReportService"
		autowire="byType" />
	<bean id="uirService" class="service.reporting.UninstructedCopyService"
		autowire="byType" />
	<bean id="svrService" class="service.reporting.StewardshipGuidelineService"
		autowire="byType" />
	<bean id="psrService" class="service.reporting.PropertyStewardshipService"
		autowire="byType" />
	<bean id="clusrService" class="service.reporting.CopyInstructionsLastUserService"
		autowire="byType" />
	<bean id="snStewService" class="service.reporting.StewardshipSellingNameService"
		autowire="byType" />
	<bean id="snNotRcService" class="service.reporting.SellingNameNotOnRcService"
		autowire="byType" />
	<bean id="snChangeService" class="service.reporting.SellingNameChangeService"
		autowire="byType" />
	<bean id="rcHistoryService" class="service.reporting.RateCardHistoryService"
		autowire="byType" />
	<bean id="rcCompService" class="service.reporting.RateCardComparisonService"
		autowire="byType" />
	<bean id="rcService" class="service.reporting.RateCardService"
		autowire="byType" />
	<bean id="sVsaService" class="service.reporting.SoldVsAiredService"
		autowire="byType" />
	<bean id="usnService" class="service.reporting.UsnService"
		autowire="byType" />
	<bean id="proposalService" class="service.reporting.ProposalService"
		autowire="byType" />
		<bean id="intproposalService" class="service.reporting.DynamicProposalService"
		autowire="byType" />
	<bean id="flowchartService" class="service.reporting.FlowchartService"
		autowire="byType" />
	<bean id="planStewService" class="service.reporting.PlanStewardshipService"
		autowire="byType" />
	<bean id="planRCCService" class="service.reporting.PlanRatecardComparisonService"
		autowire="byType" />
	<bean id="unitAiringDRService" class="service.reporting.UnitAiringDRService"
		autowire="byType" />
	<bean id="unitAiringNatService" class="service.reporting.UnitAiringNationalService"
		autowire="byType" />
	<bean id="promoSlottingService" class="service.reporting.PromoSlottingService"
		autowire="byType" />
	<bean id="promoSlottingAdvanceService" class="service.reporting.PromoSlottingAdvanceService"
		autowire="byType" />
	<bean id="newDollarsBookedService" class="service.reporting.NewDollarsBookedService"
		autowire="byType" />
	<bean id="scheduleChangeService" class="service.reporting.ScheduleChangeService"
		autowire="byType" />
	<bean id="rejectedTransactionsService" class="service.reporting.RejectedTransactionsService"
		autowire="byType" />
	<bean id="optionsService" class="service.reporting.OptionsService"
		autowire="byType" />
	<bean id="planDollarChangesService" class="service.reporting.PlanDollarChangesService"
		autowire="byType" />
	<bean id="pendingDollarChangesService" class="service.reporting.PendingDollarChangesService"
		autowire="byType" />
	<bean id="snrAndRatingsService" class="service.reporting.SnrAndRatingsService"
		autowire="byType" />
	<bean id="endCreditSqueezeService" class="service.reporting.EndCreditSqueezeService"
		autowire="byType" />
	<bean id="advDisBySNService" class="service.reporting.AdvDisBySNService"
		autowire="byType" />
	<bean id="logViewService" class="service.reporting.LogViewService"
		autowire="byType" />
		
		<bean id="dayPartProjectionService" class="service.reporting.DayPartProjectionsService"
		autowire="byType" />
	<bean id="planOptionsService" class="service.reporting.PlanOptionsService"
		autowire="byType" />
		<!-- QC 9098 -->
	<bean id="adSalesSelloutService" class="service.reporting.AdSalesSelloutService"
		autowire="byType" />
				<!-- QC 6347 -->
	<bean id="inventoryAnalysisService" class="service.reporting.InventoryAnalysisService"
		autowire="byType" />
		<bean id="sellingNameVerService" class="service.reporting.SellingNameVerService"
		autowire="byType" />
		
		<bean id="lightInvAnalysisService" class="service.reporting.LightInventoryAnalysisService"
		autowire="byType" />
		
		<bean id="invoiceHistoryService" class="service.reporting.InvoiceHistoryService"
	autowire="byType" />
	<bean id="advConstraintService" class="service.reporting.AdvConstraintService"
		autowire="byType" />
		
		<bean id="advprodPosService" class="service.reporting.AdvprodPosService"
		autowire="byType" />

<bean id="orderLetterService" class="service.reporting.OrderLetterService"
		autowire="byType" />
		
		<bean id="commTimeService" class="service.reporting.CommTimeService"
		autowire="byType" />
		<bean id="networkSalesService" class="service.reporting.NetworkSalesService"
		autowire="byType" />
		
		<bean id="programLineupService" class="service.reporting.ProgramLineupService"
		autowire="byType" />
		
		<bean id="commPositionService" class="service.reporting.CommPositionService"
		autowire="byType" />
		
		<bean id="programInventService" class="service.reporting.ProgramInventService"
		autowire="byType" />
			<bean id="programRatingService" class="service.reporting.PromoRatingService"
		autowire="byType" />
		
		<bean id="runOfScheduleService" class="service.reporting.RunOfScheduleService"
		autowire="byType" />
		
		<bean id="salesAnalysisService" class="service.reporting.SalesAnalysisService"
		autowire="byType" />
		
		<bean id="commFormatService" class="service.reporting.CommercialFormatService"
		autowire="byType" />
		
		<bean id="dayPartRatecardSummaryService" class="service.reporting.DaypartRatecardSummaryService"
		autowire="byType" />
		
		<bean id="airingPositionService" class="service.reporting.AiringPositionService"
		autowire="byType" />

		<bean id="commFormatUnitValueService" class="service.reporting.CommFormatUnitValueService"
		autowire="byType" />
		
		<bean id="planDetailService" class="service.reporting.PlanDetailService"
		autowire="byType" />

		<bean id="programHistoryService" class="service.reporting.ProgramHistoryService"
		autowire="byType" />
		
		<bean id="planHistoryService" class="service.reporting.PlanHistoryService"
		autowire="byType" />
		
		<bean id="revHistoryService" class="service.reporting.RevHistoryService"
		autowire="byType" />
		
		<bean id="cutBackService" class="service.reporting.CutBackService"
		autowire="byType" />
		
		<bean id="transactionService" class="service.reporting.TransactionService"
		autowire="byType" />
		
		<bean id="finQuarterSumService" class="service.reporting.FinQuarterSumService"
		autowire="byType" />
		
		<bean id="advLogService" class="service.reporting.AdvLogService"
		autowire="byType" />
		
		<bean id="psrcService" class="service.reporting.PropertyStewardshipCableService"
		autowire="byType" />
		
		<bean id="demoRatingService" class="service.reporting.DemoRatingService"
		autowire="byType" />
		
		<bean id="noChargeService" class="service.reporting.NoChargeService"
		autowire="byType" />
		
		<bean id="valueAduService" class="service.reporting.ValueAduService"
		autowire="byType" />
		
		<bean id="billingRevenueService" class="service.reporting.BillingRevenueService"
		autowire="byType" />
		
		<bean id="atpPlanService" class="service.reporting.AtpPlanService"
		autowire="byType" />
		
		<bean id="planComparisonService" class="service.reporting.PlanComparisonService"
		autowire="byType" />
		
		<!-- Added By Bala -->
    	 <bean id="programCategoryDetailService" class="service.reporting.ProgramCategoryDetailService"
    	 autowire="byType" />
		<!-- // End  -->

	<bean id="grandSummaryService" class="service.reporting.GrandSummaryService"
		  autowire="byType" /> 
		
	<bean id="mailService" class="com.ge.nbcuni.cir.service.MailService">
		<property name="mailSender" ref="mailSender" />
	</bean>
	<bean id="messageSource"
		class="org.springframework.context.support.ResourceBundleMessageSource">
		<property name="basename" value="ValidationMessages" />
	</bean>
	
		<bean id="validator"
		class="org.springframework.validation.beanvalidation.LocalValidatorFactoryBean">
		<!-- <property name="validationMessageSource">
			<ref bean="messageSource" />
		</property> -->
	</bean>
	
	<!-- Scheduler configuration-->
	 <task:scheduler id="scheduler" pool-size="10" />
	 <task:executor id="executor" pool-size="10" />
	 <task:annotation-driven scheduler="scheduler" executor="executor" /> 
    
    <bean id="myDataSource" class="org.springframework.jdbc.datasource.DriverManagerDataSource" >
	    <property name="driverClassName" value="#{jdbcProperties['jdbc.driver']}"/>
	    <property name="url" value="#{jdbcProperties['jdbc.url']}"/>
	    <property name="username" value="#{jdbcProperties['jdbc.user']}"/>
	   	<property name="password" value="#{jdbcProperties['jdbc.password']}"/>
	</bean>
	
	<bean id="mySessionFactory" class="org.springframework.orm.hibernate4.LocalSessionFactoryBean">
	<property name="dataSource" ref="myDataSource"/>
    <property name="hibernateProperties">
    	<props>
               <prop key="hibernate.dialect">org.hibernate.dialect.Oracle10gDialect</prop>
    		   <prop key="hibernate.jdbc.batch_size">50</prop>
    	</props>
      </property> 
   	<property name="packagesToScan" value="domain.pushServiceData,domain.charts"/>
</bean>
	 
	 <bean id="myGenerateDataForQueryReportDAOImpl" class="dao.pushService.GenerateDataForQueryReportDAOImpl">
	    <property name="factory" ref="mySessionFactory"/>
	 </bean>
	  
	 <bean id="myGenerateDataForQueryReportServiceImpl" class="com.ge.nbcuni.cir.pushService.GenerateDataForQueryReportServiceImpl">
	   	<property name="generateDataForQueryReportDAO" ref="myGenerateDataForQueryReportDAOImpl"/>
	 </bean>
	 
	 <bean id="myInventoryBatchCountReportDao" class="dao.charts.InventoryBatchCountReportDao">
	    <property name="factory" ref="mySessionFactory"/>
	 </bean>
	 
	  <bean id="myInventoryBatchCountService" class="com.ge.nbcuni.cir.charts.InventoryBatchCountService">
	   	<property name="myInventoryBatchCountReportDao" ref="myInventoryBatchCountReportDao"/>
	 </bean>
	 
	 <bean id="myCurrentUserLoadDao" class="dao.charts.CurrentUserLoadDao">
	    <property name="factory" ref="mySessionFactory"/>
	 </bean>
	 
	  <bean id="myCurrentUserLoadServletService" class="com.ge.nbcuni.cir.charts.CurrentUserLoadService">
	   	<property name="myCurrentUserLoadDao" ref="myCurrentUserLoadDao"/>
	 </bean>
	 
	  <bean id="myApplicationServerHealthDao" class="dao.charts.ApplicationServerHealthDao">
		<property name="factory" ref="mySessionFactory"/>
	  </bean>
		 
	  <bean id="myAplicationServerHealthService" class="com.ge.nbcuni.cir.charts.AplicationServerHealthService">
		<property name="myApplicationServerHealthDao" ref="myApplicationServerHealthDao"/>
	  </bean>
	  
   <!--  <bean id="jpaTemplate" class="org.springframework.orm.jpa.JpaTemplate">     
        <property name="entityManagerFactory" ref="EntityManagerFactory" />
    </bean> -->
    
  	
	
	<bean id="quartzScheduler" class="org.springframework.scheduling.quartz.SchedulerFactoryBean">
	 
	 <property name="configLocation" value="classpath:quartz.properties"/>
	  <property name="dataSource" ref="CIRDataSource" />
     <property name="transactionManager" ref="transactionManager" />
	 
	 <!-- This name is persisted as SCHED_NAME in db. for local testing could change to unique name
	      to avoid collision with dev server -->
	 <property name="schedulerName" value="quartzScheduleD123"/>
	 
	 <!-- Will update database cron triggers to what is in this jobs file on each deploy.
	      Replaces all previous trigger and job data that was in the database. YMMV  -->
	  <property name="overwriteExistingJobs" value="true"/>
	 
	 <property name="autoStartup" value="true"/>
	 <property name="applicationContextSchedulerContextKey" value="applicationContext"/>
	 <property name="jobFactory">
	   <bean class="com.ge.nbcuni.quartz.AutowiringSpringBeanJobFactory"/>
	  </property>
	 
	 <!-- NOTE: Must add both the jobDetail and trigger to the scheduler! -->
	 <property name="jobDetails">
	  <list>
	    <ref bean="firstJobDetail" />
	    <ref bean="appHealthJobDetail" />
	    <ref bean="appErrorJobDetail" />
	   <!--  <ref bean="planIndexJobDetail" />
	    <ref bean="planIndexPurgeJobDetail" />
	    <ref bean="planSpotsIndexJobDetail" /> --> 
	  </list>
	 </property>
	 <property name="triggers">
	  <list>
	   <ref bean="firstTrigger"/>
	   <ref bean="appHealthTrigger"/>  
	   <ref bean="appErrorJobTrigger"/>
	  <!--  <ref bean="planIndexTrigger" />
	   <ref bean="planIndexPurgeTrigger" />
	   <ref bean="planSpotsIndexTrigger" />  -->
	  </list>	    
	 </property>
	</bean>
	
	<bean id="firstJobDetail" class="org.springframework.scheduling.quartz.JobDetailFactoryBean">
	  <property name="jobClass" value="com.ge.nbcuni.quartz.UserLoadJob"/>
	  <property name="durability" value="true"/>
	</bean>
	<bean id="firstTrigger" class="com.ge.nbcuni.quartz.PersistableCronTriggerFactoryBean">
	  <property name="jobDetail" ref="firstJobDetail" />
	  <property name="cronExpression" value="0 0/30 * * * ?" />           
	</bean>
	
	
	 
	 <bean id="appHealthJobDetail" class="org.springframework.scheduling.quartz.JobDetailFactoryBean">
	  <property name="jobClass" value="com.ge.nbcuni.quartz.AppHealthJob"/>
	  <property name="durability" value="true"/>
	</bean>
	<bean id="appHealthTrigger" class="com.ge.nbcuni.quartz.PersistableCronTriggerFactoryBean">
	  <property name="jobDetail" ref="appHealthJobDetail" />
	  <property name="cronExpression" value="0 0/30 * * * ?" />           
	</bean>
	
	<bean id="appErrorJobDetail" class="org.springframework.scheduling.quartz.JobDetailFactoryBean">
	  <property name="jobClass" value="com.ge.nbcuni.quartz.AppErrorJob"/>
	  <property name="durability" value="true"/>
	</bean>
	<bean id="appErrorJobTrigger" class="com.ge.nbcuni.quartz.PersistableCronTriggerFactoryBean">
	  <property name="jobDetail" ref="appErrorJobDetail" />
	  <property name="cronExpression" value="0 0 3 * * ?" />           
	</bean>
	
	 <!-- Plan Indexing  Jobs-->
	<!-- <bean id="planIndexJobDetail" class="org.springframework.scheduling.quartz.JobDetailFactoryBean">
	  <property name="jobClass" value="com.ge.nbcuni.quartz.PlanIndexJob"/>
	  <property name="durability" value="true"/>
	</bean>
	<bean id="planIndexTrigger" class="com.ge.nbcuni.quartz.PersistableCronTriggerFactoryBean">
	  <property name="jobDetail" ref="planIndexJobDetail" />
	  <property name="cronExpression" value="0 0/5 * * * ?" />           
	</bean>
	
	<bean id="planIndexPurgeJobDetail" class="org.springframework.scheduling.quartz.JobDetailFactoryBean">
	  <property name="jobClass" value="com.ge.nbcuni.quartz.PlanIndexPurgeJob"/>
	  <property name="durability" value="true"/>
	</bean>
	<bean id="planIndexPurgeTrigger" class="com.ge.nbcuni.quartz.PersistableCronTriggerFactoryBean">
	  <property name="jobDetail" ref="planIndexPurgeJobDetail" />
	  <property name="cronExpression" value="0 0 0 * * ?" />           
	</bean>
	
	<bean id="planSpotsIndexJobDetail" class="org.springframework.scheduling.quartz.JobDetailFactoryBean">
	  <property name="jobClass" value="com.ge.nbcuni.quartz.PlanSpotsIndexJob"/>
	  <property name="durability" value="true"/>
	</bean>
	<bean id="planSpotsIndexTrigger" class="com.ge.nbcuni.quartz.PersistableCronTriggerFactoryBean">
	  <property name="jobDetail" ref="planSpotsIndexJobDetail" />
	  <property name="cronExpression" value="0 0/30 * * * ?" />           
	</bean>  -->

	<bean id="templateResolver"
		  class="org.thymeleaf.spring4.templateresolver.SpringResourceTemplateResolver">
		<property name="prefix" value="classpath:/templates/" />
		<property name="suffix" value=".html" />
		<property name="templateMode" value="HTML5" />
	</bean>

	<bean id="templateEngine"
		  class="org.thymeleaf.spring4.SpringTemplateEngine">
		<property name="templateResolver" ref="templateResolver" />
	</bean>

</beans>