<ehcache>

	<defaultCache
		maxElementsInMemory="5000000"
		eternal="true"
		overflowToDisk="false" />
	
	<cache 	name="reportResource" maxElementsInMemory="10000" eternal="true" overflowToDisk="false" />
	<cache 	name="AdditionalGrouping" maxElementsInMemory="10000" eternal="true" overflowToDisk="false" />
	<cache 	name="ChangeNotice" maxElementsInMemory="10000" eternal="true" overflowToDisk="false" />
	<cache 	name="AccountExecutive" maxElementsInMemory="10000" eternal="true" overflowToDisk="false" />	
 	<cache 	name="AccountExecutive.channels" maxElementsInMemory="700" eternal="true" overflowToDisk="false" />
 	<cache 	name="AccountExecutive.salesTeams" maxElementsInMemory="1000" eternal="true" overflowToDisk="false" />
 	<cache 	name="AccountExecutive.plans" maxElementsInMemory="1000" eternal="true" overflowToDisk="false" />
 	<cache 	name="AccountExecutive.member" maxElementsInMemory="1000" eternal="true" overflowToDisk="false" />
 	
 	<cache 	name="CustomLineClass" maxElementsInMemory="100" eternal="true" overflowToDisk="false" />
 	<cache 	name="CustomRatingStream" maxElementsInMemory="100" eternal="true" overflowToDisk="false" />
 	<cache 	name="PlanLineHistory" maxElementsInMemory="100" eternal="true" overflowToDisk="false" />
 	<cache 	name="PlanRevision" maxElementsInMemory="100" eternal="true" overflowToDisk="false" />
 	<cache 	name="PlanSecDemoHistory" maxElementsInMemory="100" eternal="true" overflowToDisk="false" />
 	<cache 	name="PlanSecondaryDemo" maxElementsInMemory="100" eternal="true" overflowToDisk="false" />
 	<cache 	name="ReportJob" maxElementsInMemory="5000" eternal="true" overflowToDisk="false" />
 	<cache 	name="ReportJob.parameters" maxElementsInMemory="5000" eternal="true" overflowToDisk="false" />
 	<cache 	name="ReportJobGroupAssoc" maxElementsInMemory="5000" eternal="true" overflowToDisk="false" />
 	<cache 	name="ReportJob.reportJobGroupAssocs" maxElementsInMemory="5000" eternal="true" overflowToDisk="false" />
 	<cache 	name="ReportJob.reportSchedule" maxElementsInMemory="5000" eternal="true" overflowToDisk="false" />
 	
 	<cache 	name="ReportSchedule" maxElementsInMemory="5000" eternal="true" overflowToDisk="false" />
 	<cache 	name="ReportSchedule.parameters" maxElementsInMemory="5000" eternal="true" overflowToDisk="false" />
 	<cache	name="ReportSchedule.scheduleAssocs" maxElementsInMemory="10000" eternal="true" overflowToDisk="false" />
 	
 	<cache 	name="ScheduleGroupAssoc" maxElementsInMemory="5000" eternal="true" overflowToDisk="false" />
 	
 	<cache 	name="AccountExecutive.salesTeamMembers" maxElementsInMemory="1000" eternal="true" overflowToDisk="false" />
 	<cache 	name="Advertiser" maxElementsInMemory="5000" eternal="true" overflowToDisk="false" />
 	<cache 	name="Advertiser.channels" maxElementsInMemory="5000" eternal="true" overflowToDisk="false" />
 	<cache 	name="Advertiser.agencies" maxElementsInMemory="5000" eternal="true" overflowToDisk="false" />
 	<cache 	name="Advertiser.plans" maxElementsInMemory="5000" eternal="true" overflowToDisk="false" />
 	<cache 	name="Agency" maxElementsInMemory="5000" eternal="true" overflowToDisk="false" />
 	<cache 	name="Agency.advertisers" maxElementsInMemory="5000" eternal="true" overflowToDisk="false" /> 
 	<cache 	name="Agency.channels" maxElementsInMemory="20" eternal="true" overflowToDisk="false" /> 
 	<cache 	name="Agency.plans" maxElementsInMemory="100" eternal="true" overflowToDisk="false" />
 	<cache 	name="AiringType" maxElementsInMemory="20" eternal="true" overflowToDisk="false" />
 	<cache 	name="Brand" maxElementsInMemory="10000" eternal="true" overflowToDisk="false" />
 	<cache 	name="Brand.advertisers" maxElementsInMemory="5000" eternal="true" overflowToDisk="false" />
 	<cache 	name="Calendar" maxElementsInMemory="50" eternal="true" overflowToDisk="false" />
	<cache 	name="Channel" maxElementsInMemory="50" eternal="true" overflowToDisk="false" />
 	
 	<cache 	name="CommercialPromos" maxElementsInMemory="1000" eternal="true" overflowToDisk="false" />
 	
 	<cache 	name="CombinedDayparts" maxElementsInMemory="100" eternal="true" overflowToDisk="false" />
 	<cache 	name="CombinedDayparts.channel" maxElementsInMemory="100" eternal="true" overflowToDisk="false" />
 	
 	<cache 	name="CommAssignPlan" maxElementsInMemory="1000" eternal="true" overflowToDisk="false" />
 	<cache 	name="CommAssignPlan.brand" maxElementsInMemory="100" eternal="true" overflowToDisk="false" />
 	<cache 	name="CommAssignPlan.plan" maxElementsInMemory="100" eternal="true" overflowToDisk="false" />
 	
 	<cache 	name="CommercialAssignmentPlan" maxElementsInMemory="1000" eternal="true" overflowToDisk="false" />
 	<cache 	name="CommercialAssignmentPlan.brand" maxElementsInMemory="100" eternal="true" overflowToDisk="false" />
 	<cache 	name="CommercialAssignmentPlan.plan" maxElementsInMemory="100" eternal="true" overflowToDisk="false" />
 	<cache 	name="CommercialAssignmentPlan.copyInstruction" maxElementsInMemory="100" eternal="true" overflowToDisk="false" />
 	
 	<cache	name="CommercialType" maxElementsInMemory="100" eternal="true" overflowToDisk="false" />
 	<cache	name="CommercialType.channels" maxElementsInMemory="100" eternal="true" overflowToDisk="false" />
 	<cache	name="CommercialType.commercialTypeGroup" maxElementsInMemory="100" eternal="true" overflowToDisk="false" />
 	<cache	name="CommercialType.planClasses" maxElementsInMemory="100" eternal="true" overflowToDisk="false" />
 	
 	<cache	name="PropertyStewardshipSecGroupBy" maxElementsInMemory="100" eternal="true" overflowToDisk="false" />
 	<cache	name="DemoSummary" maxElementsInMemory="100" eternal="true" overflowToDisk="false" />
 	<cache	name="GTDStatus" maxElementsInMemory="100" eternal="true" overflowToDisk="false" />
 	<cache	name="PeriodSummary" maxElementsInMemory="100" eternal="true" overflowToDisk="false" />
 	<cache	name="PSReportBy" maxElementsInMemory="100" eternal="true" overflowToDisk="false" />
 	<cache	name="EqStatus" maxElementsInMemory="100" eternal="true" overflowToDisk="false" />
 	<cache	name="PSRatingStream" maxElementsInMemory="100" eternal="true" overflowToDisk="false" />
 	<cache	name="PropertyStewardshipGroupBy" maxElementsInMemory="100" eternal="true" overflowToDisk="false" />
 	<cache	name="PrimaryDemo" maxElementsInMemory="100" eternal="true" overflowToDisk="false" />
 	<cache	name="EventStatus" maxElementsInMemory="100" eternal="true" overflowToDisk="false" />
 	<cache	name="ExcludeSpotFaultCategory" maxElementsInMemory="100" eternal="true" overflowToDisk="false" />
 	<cache	name="ExcludeSpotFaultSubCategory" maxElementsInMemory="100" eternal="true" overflowToDisk="false" />
 	<cache	name="FlowchartMeasure" maxElementsInMemory="100" eternal="true" overflowToDisk="false" />
 	<cache	name="FlowChartSortBy" maxElementsInMemory="100" eternal="true" overflowToDisk="false" />
 	<cache	name="GeneralProgrammingSortBy" maxElementsInMemory="100" eternal="true" overflowToDisk="false" />
 	<cache	name="PropertyStewardshipSecSortBy" maxElementsInMemory="100" eternal="true" overflowToDisk="false" />
 	
 	
 	<cache	name="Search" maxElementsInMemory="10000" eternal="true" overflowToDisk="false" />
 	<cache	name="Search.searchParams" maxElementsInMemory="10000" eternal="true" overflowToDisk="false" />
 	<cache	name="Search.report" maxElementsInMemory="1000" eternal="true" overflowToDisk="false" />
	<cache	name="Search.templateAscs" maxElementsInMemory="10000" eternal="true" overflowToDisk="false" />
 	<cache	name="SearchParameter" maxElementsInMemory="10000" eternal="true" overflowToDisk="false" />
 	<cache	name="SearchParameter.searchValues" maxElementsInMemory="10000" eternal="true" overflowToDisk="false" />
 	<cache	name="SearchParameter.searchCustomValues" maxElementsInMemory="10000" eternal="true" overflowToDisk="false" />
	
 	
 	<cache	name="StewardshipQuarters" maxElementsInMemory="100" eternal="true" overflowToDisk="false" />
 	
 	<cache	name="LightWeightPlan" maxElementsInMemory="50000" eternal="true" overflowToDisk="false" />
 	<cache	name="LightWeightPlan.planLinks" maxElementsInMemory="10000" eternal="true" overflowToDisk="false" />
 	
 	<cache	name="StewardshipPlanLink" maxElementsInMemory="50000" eternal="true" overflowToDisk="false" />


	<cache 	name="RateCardPrice" maxElementsInMemory="1000" eternal="true" overflowToDisk="false" />	
	<cache 	name="PlanApprovalStatus" maxElementsInMemory="100" eternal="true" overflowToDisk="false" />	
	<cache 	name="OnairDetachedReference" maxElementsInMemory="100" eternal="true" overflowToDisk="false" />
	<cache 	name="Period" maxElementsInMemory="100" eternal="true" overflowToDisk="false" />
	<cache 	name="LineMapPlanChannel" maxElementsInMemory="1000" eternal="true" overflowToDisk="false" />
	<cache 	name="LineMapPlanChannel.channel" maxElementsInMemory="100" eternal="true" overflowToDisk="false" />
	
	
	
	<cache 	name="SalesUnit" maxElementsInMemory="10000" eternal="true" overflowToDisk="false" />
	<cache 	name="SalesUnit.airingType" maxElementsInMemory="1000" eternal="true" overflowToDisk="false" />
	<cache 	name="SalesUnit.salesUnitGenre" maxElementsInMemory="1000" eternal="true" overflowToDisk="false" />	
	<cache 	name="SalesUnit.salesUnitGroup" maxElementsInMemory="1000" eternal="true" overflowToDisk="false" />	
	<cache 	name="SalesUnit.salesUnitCategories" maxElementsInMemory="1000" eternal="true" overflowToDisk="false" />	
	<cache 	name="SalesUnit.planClass" maxElementsInMemory="1000" eternal="true" overflowToDisk="false" />	
	<cache 	name="SalesUnit.channels" maxElementsInMemory="1000" eternal="true" overflowToDisk="false" />	
	<cache 	name="SalesUnit.timeStrips" maxElementsInMemory="1000" eternal="true" overflowToDisk="false" />	
 	<cache 	name="SalesUnit.rateCardPrices" maxElementsInMemory="1000" eternal="true" overflowToDisk="false" />	
	
 	<cache	name="Plan" maxElementsInMemory="10000" eternal="true" overflowToDisk="false" />
	<cache	name="PlanVersionNumber" maxElementsInMemory="10000" eternal="true" overflowToDisk="false" />
 	<cache	name="Plan.advertiser" maxElementsInMemory="1000" eternal="true" overflowToDisk="false" />
 	<cache	name="Plan.channel" maxElementsInMemory="1000" eternal="true" overflowToDisk="false" />
	<cache	name="Plan.planVersionNumber" maxElementsInMemory="1000" eternal="true" overflowToDisk="false" />
	<cache	name="Plan.dealYear" maxElementsInMemory="1000" eternal="true" overflowToDisk="false" />
	<cache	name="Plan.demoPostBuy" maxElementsInMemory="1000" eternal="true" overflowToDisk="false" />
	<cache	name="Plan.guaranteedCodeObj" maxElementsInMemory="1000" eternal="true" overflowToDisk="false" />
 	<cache	name="Plan.hhPostBuy" maxElementsInMemory="1000" eternal="true" overflowToDisk="false" />
	<cache	name="Plan.marketPlace" maxElementsInMemory="1000" eternal="true" overflowToDisk="false" />
	<cache	name="Plan.planApprovalStatus" maxElementsInMemory="1000" eternal="true" overflowToDisk="false" />
	<cache	name="Plan.planClass" maxElementsInMemory="1000" eternal="true" overflowToDisk="false" />
	<cache	name="Plan.planStatus" maxElementsInMemory="1000" eternal="true" overflowToDisk="false" />
	<cache	name="Plan.ratingStream" maxElementsInMemory="1000" eternal="true" overflowToDisk="false" />
	<cache	name="Plan.salesTeam" maxElementsInMemory="1000" eternal="true" overflowToDisk="false" />
	<cache	name="Plan.targetGroup" maxElementsInMemory="1000" eternal="true" overflowToDisk="false" />
	<cache	name="Plan.planLinks" maxElementsInMemory="1000" eternal="true" overflowToDisk="false" />
	<cache	name="Plan.accountExecutive" maxElementsInMemory="1000" eternal="true" overflowToDisk="false" />
	<cache	name="Plan.brand" maxElementsInMemory="1000" eternal="true" overflowToDisk="false" />
	<cache	name="Plan.agencies" maxElementsInMemory="1000" eternal="true" overflowToDisk="false" />
 	
 	
 	<cache	name="ConstraintType" maxElementsInMemory="50" eternal="true" overflowToDisk="false" />
 	<cache	name="CommercialTypeGroup" maxElementsInMemory="50" eternal="true" overflowToDisk="false" />
 	<cache	name="ConflictSort" maxElementsInMemory="1000" eternal="true" overflowToDisk="false" />
 	<cache	name="CommercialVersion" maxElementsInMemory="1000" eternal="true" overflowToDisk="false" />
 	<cache	name="ComplexChange" maxElementsInMemory="1000" eternal="true" overflowToDisk="false" />
 	<cache	name="MeasureSortBy" maxElementsInMemory="1000" eternal="true" overflowToDisk="false" />
 	<cache	name="MissedSpotGroupBy" maxElementsInMemory="1000" eternal="true" overflowToDisk="false" />
 	
 	
	<cache 	name="CorporateDemo" maxElementsInMemory="50" eternal="true" overflowToDisk="false" />
	<cache 	name="CorporateDemo.channels" maxElementsInMemory="50" eternal="true" overflowToDisk="false" />
 	<cache 	name="DealYear" maxElementsInMemory="50" eternal="true" overflowToDisk="false" />
 	<cache 	name="DemoMeasures" maxElementsInMemory="50" eternal="true" overflowToDisk="false" />
 	<cache 	name="DollarVariance" maxElementsInMemory="10" eternal="true" overflowToDisk="false" />
 	<cache 	name="Group" maxElementsInMemory="20" eternal="true" overflowToDisk="false" />
 	<cache 	name="IndustryCategory" maxElementsInMemory="100" eternal="true" overflowToDisk="false" />
 	<cache 	name="IndustrySubCategory" maxElementsInMemory="250" eternal="true" overflowToDisk="false" /> 
 	<cache 	name="IndustrySubCategory.industryCategory" maxElementsInMemory="250" eternal="true" overflowToDisk="false" />
 	
 	<cache 	name="IndustrySubSubCategory" maxElementsInMemory="250" eternal="true" overflowToDisk="false" />
 	<cache 	name="IndustrySubSubCategory.industrySubCategory" maxElementsInMemory="250" eternal="true" overflowToDisk="false" />
	<cache 	name="IndustrySubSubCategory.industryCategory" maxElementsInMemory="250" eternal="true" overflowToDisk="false" />  
 	
 	<cache 	name="InventoaryValuationGroupBy" maxElementsInMemory="250" eternal="true" overflowToDisk="false" />
 	<cache 	name="InventoryValuationSortBy" maxElementsInMemory="250" eternal="true" overflowToDisk="false" />
 	
 	
 	<cache 	name="LastSavedByUser" maxElementsInMemory="100" eternal="true" overflowToDisk="false" />
 	<cache 	name="LineClass" maxElementsInMemory="100" eternal="true" overflowToDisk="false" />
 	<cache 	name="LineClass.commercialTypes" maxElementsInMemory="100" eternal="true" overflowToDisk="false" />


	<cache 	name="EndCreditSqueeze" maxElementsInMemory="50" eternal="true" overflowToDisk="false" /> 	
 	<cache 	name="Measure" maxElementsInMemory="50" eternal="true" overflowToDisk="false" />
 	<cache 	name="Office" maxElementsInMemory="50" eternal="true" overflowToDisk="false" />
 	<cache 	name="PlacementPrimarySorter" maxElementsInMemory="50" eternal="true" overflowToDisk="false" />
 	<cache 	name="PlacementSecondarySorter" maxElementsInMemory="50" eternal="true" overflowToDisk="false" />
 	
 	<cache	name="PlanClass" maxElementsInMemory="100" eternal="true" overflowToDisk="false" />
 	<cache	name="PlanClass.channels" maxElementsInMemory="50" eternal="true" overflowToDisk="false" />
 	<cache	name="PlanData" maxElementsInMemory="50" eternal="true" overflowToDisk="false" />
 	<cache	name="PlanDollar" maxElementsInMemory="20" eternal="true" overflowToDisk="false" />
 	<cache 	name="PlanStatus" maxElementsInMemory="100" eternal="true" overflowToDisk="false" />
	<cache 	name="PostingMethodology" maxElementsInMemory="20" eternal="true" overflowToDisk="false" />
 	<cache 	name="Quarters" maxElementsInMemory="100" eternal="true" overflowToDisk="false" />
 	<cache 	name="PlanHistory" maxElementsInMemory="1000" eternal="true" overflowToDisk="false" />
 	<cache 	name="PlanLine" maxElementsInMemory="1000" eternal="true" overflowToDisk="false" />
 	<cache 	name="PlanStewardshipSort" maxElementsInMemory="1000" eternal="true" overflowToDisk="false" />
 	
 	<cache 	name="RatingStream" maxElementsInMemory="20" eternal="true" overflowToDisk="false" />
 	<cache 	name="RatingSource" maxElementsInMemory="20" eternal="true" overflowToDisk="false" />
 	<cache 	name="ReportGroup" maxElementsInMemory="20" eternal="true" overflowToDisk="false" />
 	<cache 	name="Revenue" maxElementsInMemory="20" eternal="true" overflowToDisk="false" />
 	<cache 	name="RevenueType" maxElementsInMemory="50" eternal="true" overflowToDisk="false" />
 	<cache 	name="RevisionType" maxElementsInMemory="20" eternal="true" overflowToDisk="false" />
 	<cache 	name="SalesTeam" maxElementsInMemory="50" eternal="true" overflowToDisk="false" />
 	<cache 	name="SalesTeam.planClasses" maxElementsInMemory="2000" eternal="true" overflowToDisk="false" />
 	<cache 	name="RcLineStatus" maxElementsInMemory="50" eternal="true" overflowToDisk="false" />
	<cache 	name="ReportType" maxElementsInMemory="50" eternal="true" overflowToDisk="false" />
	<cache 	name="Revision" maxElementsInMemory="50" eternal="true" overflowToDisk="false" />
	<cache 	name="Revision.rateCards" maxElementsInMemory="1000" eternal="true" overflowToDisk="false" />
	<cache 	name="RevisionReasonCode" maxElementsInMemory="100" eternal="true" overflowToDisk="false" />
	<cache 	name="SalesContractBrand" maxElementsInMemory="1000" eternal="true" overflowToDisk="false" />
	<cache 	name="SalesContractBrandHistory" maxElementsInMemory="1000" eternal="true" overflowToDisk="false" />
	<cache 	name="SalesContractBrandRevision" maxElementsInMemory="1000" eternal="true" overflowToDisk="false" />
	<cache 	name="SecondaryDemoMeasure" maxElementsInMemory="50000" eternal="true" overflowToDisk="false" />
	

 	<cache 	name="DayType" maxElementsInMemory="1000" eternal="true" overflowToDisk="false" />
 	<cache 	name="SalesTeam.salesTeamMembers" maxElementsInMemory="1000" eternal="true" overflowToDisk="false" />
 	<cache 	name="SalesTeamMember" maxElementsInMemory="1000" eternal="true" overflowToDisk="false" />
 	
 	<cache 	name="SalesUnitCategory" maxElementsInMemory="50" eternal="true" overflowToDisk="false" />
 	<cache 	name="SalesUnitGenre" maxElementsInMemory="50" eternal="true" overflowToDisk="false" />
 	<cache 	name="SalesUnitGroup" maxElementsInMemory="10" eternal="true" overflowToDisk="false" />
 	<cache 	name="Section" maxElementsInMemory="50" eternal="true" overflowToDisk="false" />
 	<cache 	name="TimeStrip" maxElementsInMemory="50" eternal="true" overflowToDisk="false" />
 	
 	<cache 	name="TimeStrip.timeStripSet" maxElementsInMemory="50" eternal="true" overflowToDisk="false" />
 	
	<cache 	name="TimeStripSet" maxElementsInMemory="1000" eternal="true" overflowToDisk="false" />
	<cache 	name="TimeStripSet.channels" maxElementsInMemory="100" eternal="true" overflowToDisk="false" />
 	<cache 	name="UeType" maxElementsInMemory="50" eternal="true" overflowToDisk="false" />
 	<cache 	name="Universe" maxElementsInMemory="50" eternal="true" overflowToDisk="false" />
 	<cache 	name="Episode" maxElementsInMemory="8000" eternal="true" overflowToDisk="false" />
 	<cache 	name="House" maxElementsInMemory="8000" eternal="true" overflowToDisk="false" />
 	<cache 	name="House.episode" maxElementsInMemory="1000" eternal="true" overflowToDisk="false" />
 	<cache 	name="Program" maxElementsInMemory="500" eternal="true" overflowToDisk="false" />
 	<cache 	name="ProjectionBreakdown" maxElementsInMemory="500" eternal="true" overflowToDisk="false" />
 	<cache 	name="ProjectionBy" maxElementsInMemory="500" eternal="true" overflowToDisk="false" />
 	<cache 	name="PromoCampaign" maxElementsInMemory="500" eternal="true" overflowToDisk="false" />
 	<cache 	name="PromoCampaign.promoChannels" maxElementsInMemory="500" eternal="true" overflowToDisk="false" />
 	<cache 	name="PromoCampaign.placementChannels" maxElementsInMemory="500" eternal="true" overflowToDisk="false" />
 	<cache 	name="PromoCampaign.placementChannels1" maxElementsInMemory="500" eternal="true" overflowToDisk="false" />
 	<cache 	name="PromoCategory" maxElementsInMemory="500" eternal="true" overflowToDisk="false" />
 	<cache 	name="PromoSlottingDayType" maxElementsInMemory="500" eternal="true" overflowToDisk="false" />
 	<cache 	name="PromoSlottingGroupBy" maxElementsInMemory="500" eternal="true" overflowToDisk="false" />
 	<cache 	name="PromoTiming" maxElementsInMemory="500" eternal="true" overflowToDisk="false" />
 	<cache 	name="PromoTiming.channels" maxElementsInMemory="500" eternal="true" overflowToDisk="false" />
 	<cache 	name="PromoTiming.promo" maxElementsInMemory="500" eternal="true" overflowToDisk="false" />
	<cache 	name="RateCardGroupBy" maxElementsInMemory="100" eternal="true" overflowToDisk="false" />
 	<cache 	name="RateCardDisplayedColumns" maxElementsInMemory="100" eternal="true" overflowToDisk="false" />
 	<cache 	name="SecurityGroup" maxElementsInMemory="100" eternal="true" overflowToDisk="false" />
	<cache 	name="SecurityGroupReportAssoc" maxElementsInMemory="5000" eternal="true" overflowToDisk="false" />
 	<cache 	name="Report" maxElementsInMemory="50" eternal="true" overflowToDisk="false" />
 	<cache 	name="User" maxElementsInMemory="500" eternal="true" overflowToDisk="false" />
 	<cache 	name="User.SecurityGroups" maxElementsInMemory="100" eternal="true" overflowToDisk="false" />
 	<cache 	name="User.searches" maxElementsInMemory="1000" eternal="true" overflowToDisk="false" />
 	<cache 	name="User.reports" maxElementsInMemory="100" eternal="true" overflowToDisk="false" />
 	<cache 	name="SecurityGroup.reports" maxElementsInMemory="100" eternal="true" overflowToDisk="false" />
	<!--<cache 	name="SecurityGroup.templates" maxElementsInMemory="100000" eternal="true" overflowToDisk="false" />-->
	<cache 	name="SecurityGroup.groupReportAssocs" maxElementsInMemory="10000" eternal="true" overflowToDisk="false" />
	<cache 	name="SecurityGroup.childGroups" maxElementsInMemory="1000" eternal="true" overflowToDisk="false" />
	
 	
 	<!-- Temporarily added to cache. -->
 	<cache 	name="CopyInstruction" maxElementsInMemory="5000" eternal="true" overflowToDisk="false" />
 	<cache 	name="CopyInstruction.brands" maxElementsInMemory="8000" eternal="true" overflowToDisk="false" />
 	<cache 	name="CopyInstruction.plans" maxElementsInMemory="7000" eternal="true" overflowToDisk="false" />
	<cache 	name="MarketPlace" maxElementsInMemory="1000" eternal="true" overflowToDisk="false" />
	<cache 	name="MarketPlace.plans" maxElementsInMemory="200" eternal="true" overflowToDisk="false" />
	<cache 	name="MasterDataLevelSort" maxElementsInMemory="100" eternal="true" overflowToDisk="false" />
	
	
	<cache 	name="RateCard" maxElementsInMemory="100" eternal="true" overflowToDisk="false" />
	<cache 	name="RateCard.commercialSubTypes" maxElementsInMemory="100" eternal="true" overflowToDisk="false" />
	<cache 	name="RateCard.commercialTypes" maxElementsInMemory="100" eternal="true" overflowToDisk="false" />
	<cache 	name="RateCard.planClasses" maxElementsInMemory="100" eternal="true" overflowToDisk="false" />
	<cache 	name="RateCard.channel" maxElementsInMemory="100" eternal="true" overflowToDisk="false" />
	<cache 	name="RateCard.ratingStream" maxElementsInMemory="100" eternal="true" overflowToDisk="false" />
	<cache 	name="RateCard.ratingSource" maxElementsInMemory="100" eternal="true" overflowToDisk="false" />
	<cache 	name="RateCard.parentRateCard" maxElementsInMemory="100" eternal="true" overflowToDisk="false" />
	
	<cache 	name="SellingNameCalendar" maxElementsInMemory="100" eternal="true" overflowToDisk="false" />

	<cache 	name="TargetGroup" maxElementsInMemory="1000" eternal="true" overflowToDisk="false" />
	<cache 	name="TargetGroup.channels" maxElementsInMemory="1000" eternal="true" overflowToDisk="false" />
	<cache 	name="TargetGroup.rateCards" maxElementsInMemory="1000" eternal="true" overflowToDisk="false" />
	<cache 	name="TargetGroup.targetGroup" maxElementsInMemory="1000" eternal="true" overflowToDisk="false" />
	<cache 	name="TargetGroup.targetGroups" maxElementsInMemory="1000" eternal="true" overflowToDisk="false" />
	
	<cache 	name="SellingNameGroupBy" maxElementsInMemory="100" eternal="true" overflowToDisk="false" />
	<cache 	name="SellingNamePeriod" maxElementsInMemory="100" eternal="true" overflowToDisk="false" />
	<cache 	name="SellingNameStewardshipSummarySortBy" maxElementsInMemory="100" eternal="true" overflowToDisk="false" />
	<cache 	name="SpotStatus" maxElementsInMemory="100" eternal="true" overflowToDisk="false" />
	<cache 	name="StewardshipGroupBy" maxElementsInMemory="100" eternal="true" overflowToDisk="false" />
	<cache 	name="StewardshipGuidelineVarianceSortBy" maxElementsInMemory="100" eternal="true" overflowToDisk="false" />
	<cache 	name="UICopyPrimGrpBy" maxElementsInMemory="100" eternal="true" overflowToDisk="false" />
	<cache 	name="UICopyStatus" maxElementsInMemory="100" eternal="true" overflowToDisk="false" />
	<cache 	name="UICopyTetGrpBy" maxElementsInMemory="100" eternal="true" overflowToDisk="false" />
	<cache 	name="UnitDetailGroupBy" maxElementsInMemory="100" eternal="true" overflowToDisk="false" />
	<cache 	name="UnitDuration" maxElementsInMemory="100" eternal="true" overflowToDisk="false" />
	<cache 	name="WeeklyTotalMeasures" maxElementsInMemory="100" eternal="true" overflowToDisk="false" />
	
	<cache 	name="OptionalColumn" maxElementsInMemory="100" eternal="true" overflowToDisk="false" />
	<cache 	name="ColumnFormatting" maxElementsInMemory="100" eternal="true" overflowToDisk="false" />
	
	<cache 	name="SalesUnitChannel" maxElementsInMemory="100" eternal="true" overflowToDisk="false" />
	<cache 	name="SalesUnit.salesUnitChannel" maxElementsInMemory="100" eternal="true" overflowToDisk="false" />
	
	<cache 	name="PromoSlottingAdvanceGroupBy" maxElementsInMemory="100" eternal="true" overflowToDisk="false" />
	<cache 	name="Logo" maxElementsInMemory="100" eternal="true" overflowToDisk="false" />
	<cache 	name="PromoAdvCategory" maxElementsInMemory="100" eternal="true" overflowToDisk="false" />
	<cache 	name="BlockType" maxElementsInMemory="100" eternal="true" overflowToDisk="false" />
	<cache 	name="RejectedTransSortBy" maxElementsInMemory="100" eternal="true" overflowToDisk="false" />
	<cache 	name="OptionsSortBy" maxElementsInMemory="100" eternal="true" overflowToDisk="false" />
	<cache 	name="OptionsGroupBy" maxElementsInMemory="100" eternal="true" overflowToDisk="false" />
	
</ehcache>